Workbook

Sheet Index
A1: MUSÉA Comments Test Suite
A3: Project Information
A4: Project Name | B4: MUSÉA
A5: Module | B5: Artwork Page
A6: Sub Module | B6: Comments
A7: Test Date
A8: QA Assigned | B8: Ahrif Cruz
A9: Test Environment
A10: Production | B10: https://musea-eta.vercel.app
A11: Browser | B11: Google Chrome (latest), desktop and 360px device mode
A12: Test Accounts | B12: Test User A (comment author) and Test User B (another user). Use test accounts only.
A13: Passwords | B13: Never store passwords in this file. Keep them in a password manager.
A15: Execution Summary
A16: Total Test Cases | B16: =COUNTA('Test Case'!A4:A24) -> 21
A17: Passed | B17: =COUNTIF('Test Case'!M4:M24,"Passed") -> 0
A18: Failed | B18: =COUNTIF('Test Case'!M4:M24,"Failed") -> 1
A19: Blocked | B19: =COUNTIF('Test Case'!M4:M24,"Blocked") -> 0
A20: Not Run | B20: =COUNTIF('Test Case'!M4:M24,"Not Run") -> 20
A21: Positive / Negative / Edge / UI | B21: =COUNTIF('Test Case'!F4:F24,"Positive")&" / "&COUNTIF('Test Case'!F4:F24,"Negative")&" / "&COUNTIF('Test Case'!F4:F24,"Edge")&" / "&COUNTIF('Test Case'!F4:F24,"UI") -> 8 / 9 / 1 / 3
A22: Pass Rate (of executed) | B22: =IFERROR(B17/(B17+B18+B19),0) -> 0
A23: Open Defects | B23: =COUNTIF(Defects!G4:G100,"Open") -> 1
A25: How to Use
A26: Yellow cells | B26: Fill these in while testing: Test Date, Actual Result, Status and Defect ID.
A27: Status | B27: Choose from the dropdown: Passed, Failed, Blocked or Not Run.
A28: TC tabs | B28: Click a TC # on the Test Case sheet to open its step-by-step tab.
A29: Example row | B29: TC_COM_018 is already executed (Failed, BUG-MUS-001) to show the expected format.
A30: Marked cells | B30: Cells with a red corner note carry an assumption to confirm before running.

Sheet Requirements
A1: Requirements
A2: Written from the features visible on the live site. Confirm each one against your own spec.
A3: Req ID | B3: Requirement
A4: REQ-COM-01 | B4: Signed-in users can post a comment on an artwork.
A5: REQ-COM-02 | B5: Each comment shows the author, their level and when it was posted.
A6: REQ-COM-03 | B6: Users can delete their own comments, and only their own.
A7: REQ-COM-04 | B7: Users can reply to a comment.
A8: REQ-COM-05 | B8: Users can add and remove reactions on a comment.
A9: REQ-COM-06 | B9: Users can report another user's comment.
A10: REQ-COM-07 | B10: Signed-out visitors can read comments but cannot post, react or report.
A11: REQ-COM-08 | B11: The comment box rejects empty, over-limit and unsafe input, and limits posting speed.
A12: REQ-COM-09 | B12: Comment actions look consistent, work with a keyboard and fit on small screens.

Sheet Test Case
A1: MUSÉA: Comments
A2: Click a TC # to open its steps. Fill in the yellow columns while testing.
A3: TC # | B3: Req ID | C3: TC Name | D3: Module | E3: Sub Module | F3: Type | G3: Priority | H3: Preconditions | I3: Test Data | J3: Test Case Scenario | K3: Expected Results | L3: Actual Result | M3: Status | N3: Defect ID | O3: Generate Document (Y/N)
A4: TC_COM_001 | B4: REQ-COM-01 | C4: Post a Comment | D4: Artwork Page | E4: Comments | F4: Positive | G4: High | H4: Test User A is signed in. | I4: Comment text: "Love the colors in this piece." | J4: Verify that a signed-in user can post a comment on an artwork. | K4: The comment appears at the top of the comment list without a page refresh. | M4: Not Run | O4: Y
A5: TC_COM_002 | B5: REQ-COM-02 | C5: Comment Details Display | D5: Artwork Page | E5: Comments | F5: Positive | G5: Medium | H5: A comment exists on the artwork. | I5: None | J5: Verify that each comment shows the author name, level and posted time. | K5: Each comment shows the author name, "Lv" level and a relative time such as "2 weeks ago". | M5: Not Run | O5: Y
A6: TC_COM_003 | B6: REQ-COM-08 | C6: Post an Empty Comment | D6: Artwork Page | E6: Comments | F6: Negative | G6: High | H6: Test User A is signed in. | I6: Comment text: (empty) | J6: Verify that an empty comment cannot be posted. | K6: The Post button stays disabled, or a clear message asks for text. No comment is saved. | M6: Not Run | O6: Y
A7: TC_COM_004 | B7: REQ-COM-08 | C7: Post a Spaces-Only Comment | D7: Artwork Page | E7: Comments | F7: Negative | G7: Medium | H7: Test User A is signed in. | I7: Comment text: 5 spaces | J7: Verify that a comment containing only spaces cannot be posted. | K7: The comment is rejected the same way as an empty comment. | M7: Not Run | O7: Y
A8: TC_COM_005 | B8: REQ-COM-08 | C8: Post a Comment at the Length Limit | D8: Artwork Page | E8: Comments | F8: Edge | G8: Medium | H8: Test User A is signed in. The comment length limit is known. | I8: Text exactly at the limit (e.g. 500 characters) | J8: Verify that a comment exactly at the maximum length can be posted. | K8: The full comment is saved and displayed with nothing cut off. | M8: Not Run | O8: Y
A9: TC_COM_006 | B9: REQ-COM-08 | C9: Post a Comment Over the Length Limit | D9: Artwork Page | E9: Comments | F9: Negative | G9: Medium | H9: Test User A is signed in. The comment length limit is known. | I9: Text one character over the limit | J9: Verify that a comment longer than the limit is blocked. | K9: Typing stops at the limit, or a clear message explains the limit. Nothing over the limit is saved. | M9: Not Run | O9: Y
A10: TC_COM_007 | B10: REQ-COM-08 | C10: Post a Comment Containing HTML/Script Text | D10: Artwork Page | E10: Comments | F10: Negative | G10: High | H10: Test User A is signed in. | I10: Comment text: <script>alert(1)</script> <b>bold</b> | J10: Verify that HTML or script typed into a comment is shown as plain text and never runs. | K10: The comment shows the text exactly as typed. No alert pops up and nothing turns bold. | M10: Not Run | O10: Y
A11: TC_COM_008 | B11: REQ-COM-08 | C11: Post Comments Too Quickly (Spam Limit) | D11: Artwork Page | E11: Comments | F11: Negative | G11: Medium | H11: Test User A is signed in. | I11: 5 short comments posted back to back | J11: Verify that posting many comments in a short time is limited. | K11: After the limit is reached, a message asks the user to wait. Extra comments are not saved. | M11: Not Run | O11: Y
A12: TC_COM_009 | B12: REQ-COM-04 | C12: Reply to a Comment | D12: Artwork Page | E12: Comments | F12: Positive | G12: High | H12: Test User A is signed in. A comment from Test User B exists. | I12: Reply text: "Thank you!" | J12: Verify that a user can reply to an existing comment. | K12: The reply appears under the original comment and is clearly linked to it. | M12: Not Run | O12: Y
A13: TC_COM_010 | B13: REQ-COM-03 | C13: Delete Own Comment | D13: Artwork Page | E13: Comments | F13: Positive | G13: High | H13: Test User A has posted a comment. | I13: Comment from TC_COM_001 | J13: Verify that a user can delete their own comment. | K13: The comment is removed from the list and stays removed after a refresh. | M13: Not Run | O13: Y
A14: TC_COM_011 | B14: REQ-COM-03 | C14: Delete Not Offered on Other Users' Comments | D14: Artwork Page | E14: Comments | F14: Negative | G14: High | H14: Test User A is signed in. A comment from Test User B exists. | I14: None | J14: Verify that Delete is not shown on comments written by other users. | K14: Other users' comments show Reply and Report only. Delete is not shown. | M14: Not Run | O14: Y
A15: TC_COM_012 | B15: REQ-COM-03 | C15: Block Deleting Another User's Comment Through the API | D15: Artwork Page | E15: Comments | F15: Negative | G15: High | H15: Test User B is signed in. Test User A has a comment. Browser DevTools is open. | I15: ID of Test User A's comment | J15: Verify that the server refuses a delete request for another user's comment, even when the request is sent directly. | K15: The request is rejected (or deletes nothing) and Test User A's comment is still there after a refresh. | M15: Not Run | O15: Y
... A20: TC_COM_017 | B20: REQ-COM-07 | C20: Signed-Out Visitor Sees Comments but Cannot Act | D20: Artwork Page | E20: Comments | F20: Negative | G20: High | H20: The visitor is signed out. | I20: None | J20: Verify that a signed-out visitor can read comments but must sign in to post, react or report. | K20: Comments are visible. Trying to post, react or report leads to sign-in instead. | M20: Not Run | O20: Y
A21: TC_COM_018 | B21: REQ-COM-09 | C21: Comment Action Alignment | D21: Artwork Page | E21: Comments | F21: UI | G21: Medium | H21: Test User A has a comment, and a comment from Test User B exists. | I21: None | J21: Verify that the comment action links line up and share one text style. | K21: Reply, Delete and Report sit on the same line and use the same style. | L21: Delete and Report sit about 3px lower than Reply, and only Delete/Report are underlined. | M21: Failed | N21: BUG-MUS-001 | O21: Y
A22: TC_COM_019 | B22: REQ-COM-09 | C22: Use Comment Actions with a Keyboard | D22: Artwork Page | E22: Comments | F22: Positive | G22: Medium | H22: Test User A is signed in. | I22: None | J22: Verify that every comment action can be reached and used with the keyboard alone. | K22: Tab moves through each action with a visible focus outline, and Enter activates it. | M22: Not Run | O22: Y
A23: TC_COM_020 | B23: REQ-COM-09 | C23: Comments on a Small Phone Screen | D23: Artwork Page | E23: Comments | F23: UI | G23: Medium | H23: None | I23: Screen width: 360px | J23: Verify that the comment section fits a 360px-wide screen. | K23: Nothing overflows sideways and all actions remain readable and tappable. | M23: Not Run | O23: Y
A24: TC_COM_021 | B24: REQ-COM-09 | C24: Comments in Dark Mode | D24: Artwork Page | E24: Comments | F24: UI | G24: Low | H24: Dark mode is on. | I24: None | J24: Verify that comments stay readable in dark mode. | K24: All comment text, actions and reactions are readable against the dark background. | M24: Not Run | O24: Y

Sheet RTM
A1: Requirements Traceability Matrix
A3: Req ID | B3: Requirement | C3: Test Cases | D3: No. of TCs | E3: Passed | F3: Failed | G3: Coverage
A4: REQ-COM-01 | B4: =INDEX(Requirements!B:B,MATCH(A4,Requirements!A:A,0)) -> Signed-in users can post a comment on an artwork. | C4: TC_COM_001 | D4: =COUNTIF('Test Case'!B4:B24,A4) -> 1 | E4: =COUNTIFS('Test Case'!B4:B24,A4,'Test Case'!M4:M24,"Passed") -> 0 | F4: =COUNTIFS('Test Case'!B4:B24,A4,'Test Case'!M4:M24,"Failed") -> 0 | G4: =IF(D4=0,"Not covered",IF(F4>0,"Covered, failing",IF(E4=D4,"Covered, all passed","Covered"))) -> Covered
A5: REQ-COM-02 | B5: =INDEX(Requirements!B:B,MATCH(A5,Requirements!A:A,0)) -> Each comment shows the author, their level and when it was posted. | C5: TC_COM_002 | D5: =COUNTIF('Test Case'!B4:B24,A5) -> 1 | E5: =COUNTIFS('Test Case'!B4:B24,A5,'Test Case'!M4:M24,"Passed") -> 0 | F5: =COUNTIFS('Test Case'!B4:B24,A5,'Test Case'!M4:M24,"Failed") -> 0 | G5: =IF(D5=0,"Not covered",IF(F5>0,"Covered, failing",IF(E5=D5,"Covered, all passed","Covered"))) -> Covered
A6: REQ-COM-03 | B6: =INDEX(Requirements!B:B,MATCH(A6,Requirements!A:A,0)) -> Users can delete their own comments, and only their own. | C6: TC_COM_010, TC_COM_011, TC_COM_012 | D6: =COUNTIF('Test Case'!B4:B24,A6) -> 3 | E6: =COUNTIFS('Test Case'!B4:B24,A6,'Test Case'!M4:M24,"Passed") -> 0 | F6: =COUNTIFS('Test Case'!B4:B24,A6,'Test Case'!M4:M24,"Failed") -> 0 | G6: =IF(D6=0,"Not covered",IF(F6>0,"Covered, failing",IF(E6=D6,"Covered, all passed","Covered"))) -> Covered
A7: REQ-COM-04 | B7: =INDEX(Requirements!B:B,MATCH(A7,Requirements!A:A,0)) -> Users can reply to a comment. | C7: TC_COM_009 | D7: =COUNTIF('Test Case'!B4:B24,A7) -> 1 | E7: =COUNTIFS('Test Case'!B4:B24,A7,'Test Case'!M4:M24,"Passed") -> 0 | F7: =COUNTIFS('Test Case'!B4:B24,A7,'Test Case'!M4:M24,"Failed") -> 0 | G7: =IF(D7=0,"Not covered",IF(F7>0,"Covered, failing",IF(E7=D7,"Covered, all passed","Covered"))) -> Covered
A8: REQ-COM-05 | B8: =INDEX(Requirements!B:B,MATCH(A8,Requirements!A:A,0)) -> Users can add and remove reactions on a comment. | C8: TC_COM_013, TC_COM_014 | D8: =COUNTIF('Test Case'!B4:B24,A8) -> 2 | E8: =COUNTIFS('Test Case'!B4:B24,A8,'Test Case'!M4:M24,"Passed") -> 0 | F8: =COUNTIFS('Test Case'!B4:B24,A8,'Test Case'!M4:M24,"Failed") -> 0 | G8: =IF(D8=0,"Not covered",IF(F8>0,"Covered, failing",IF(E8=D8,"Covered, all passed","Covered"))) -> Covered
A9: REQ-COM-06 | B9: =INDEX(Requirements!B:B,MATCH(A9,Requirements!A:A,0)) -> Users can report another user's comment. | C9: TC_COM_015, TC_COM_016 | D9: =COUNTIF('Test Case'!B4:B24,A9) -> 2 | E9: =COUNTIFS('Test Case'!B4:B24,A9,'Test Case'!M4:M24,"Passed") -> 0 | F9: =COUNTIFS('Test Case'!B4:B24,A9,'Test Case'!M4:M24,"Failed") -> 0 | G9: =IF(D9=0,"Not covered",IF(F9>0,"Covered, failing",IF(E9=D9,"Covered, all passed","Covered"))) -> Covered
A10: REQ-COM-07 | B10: =INDEX(Requirements!B:B,MATCH(A10,Requirements!A:A,0)) -> Signed-out visitors can read comments but cannot post, react or report. | C10: TC_COM_017 | D10: =COUNTIF('Test Case'!B4:B24,A10) -> 1 | E10: =COUNTIFS('Test Case'!B4:B24,A10,'Test Case'!M4:M24,"Passed") -> 0 | F10: =COUNTIFS('Test Case'!B4:B24,A10,'Test Case'!M4:M24,"Failed") -> 0 | G10: =IF(D10=0,"Not covered",IF(F10>0,"Covered, failing",IF(E10=D10,"Covered, all passed","Covered"))) -> Covered
A11: REQ-COM-08 | B11: =INDEX(Requirements!B:B,MATCH(A11,Requirements!A:A,0)) -> The comment box rejects empty, over-limit and unsafe input, and limits posting speed. | C11: TC_COM_003, TC_COM_004, TC_COM_005, TC_COM_006, TC_COM_007, TC_COM_008 | D11: =COUNTIF('Test Case'!B4:B24,A11) -> 6 | E11: =COUNTIFS('Test Case'!B4:B24,A11,'Test Case'!M4:M24,"Passed") -> 0 | F11: =COUNTIFS('Test Case'!B4:B24,A11,'Test Case'!M4:M24,"Failed") -> 0 | G11: =IF(D11=0,"Not covered",IF(F11>0,"Covered, failing",IF(E11=D11,"Covered, all passed","Covered"))) -> Covered
A12: REQ-COM-09 | B12: =INDEX(Requirements!B:B,MATCH(A12,Requirements!A:A,0)) -> Comment actions look consistent, work with a keyboard and fit on small screens. | C12: TC_COM_018, TC_COM_019, TC_COM_020, TC_COM_021 | D12: =COUNTIF('Test Case'!B4:B24,A12) -> 4 | E12: =COUNTIFS('Test Case'!B4:B24,A12,'Test Case'!M4:M24,"Passed") -> 0 | F12: =COUNTIFS('Test Case'!B4:B24,A12,'Test Case'!M4:M24,"Failed") -> 1 | G12: =IF(D12=0,"Not covered",IF(F12>0,"Covered, failing",IF(E12=D12,"Covered, all passed","Covered"))) -> Covered, failing

Sheet Defects
A1: Defect Log
A3: Defect ID | B3: TC # | C3: Title | D3: Severity | E3: Priority | F3: Found | G3: Status | H3: Expected | I3: Actual | J3: Notes
A4: BUG-MUS-001 | B4: TC_COM_018 | C4: Comment actions are misaligned (Reply vs. Delete and Report) | D4: Low | E4: Medium | F4: 2026-10-15 | G4: Open | H4: Reply and Delete/Report sit on the same line and use the same text style. | I4: Delete and Report sit about 3px lower than Reply. Only Delete and Report are underlined. | J4: Full report: /qa#bug-mus-001 on the portfolio site.

Sheet Template
B2: Scenario | C2: (Scenario)
B3: TC Name | C3: (TC Name)
B4: TC # | C4: TC_COM_000 | E4: Back to Test Case list
B6: Step No | C6: Description | D6: Expected Result | E6: Actual Result | F6: Status
B7: 1 | C7: (Step description) | D7: (Expected result for this step)

Sheet TC_COM_001
B2: Scenario | C2: Verify that a signed-in user can post a comment on an artwork.
B3: TC Name | C3: Post a Comment
B4: TC # | C4: TC_COM_001 | E4: Back to Test Case list
B6: Step No | C6: Description | D6: Expected Result | E6: Actual Result | F6: Status
B7: 1 | C7: Open https://musea-eta.vercel.app and log in as Test User A. | D7: Test User A is logged in and sees the home page.
B8: 2 | C8: Open any artwork page that has at least one comment. | D8: The artwork page and comment section load.
B9: 3 | C9: Type the test comment in the comment box. | D9: The text appears in the box and the Post button becomes active.
B10: 4 | C10: Click Post. | D10: The comment appears in the list with Test User A as the author.

Sheet TC_COM_002
B2: Scenario | C2: Verify that each comment shows the author name, level and posted time.
B3: TC Name | C3: Comment Details Display
B4: TC # | C4: TC_COM_002 | E4: Back to Test Case list
B6: Step No | C6: Description | D6: Expected Result | E6: Actual Result | F6: Status
B7: 1 | C7: Open https://musea-eta.vercel.app and log in as Test User A. | D7: Test User A is logged in.
B8: 2 | C8: Open any artwork page that has at least one comment. | D8: The comment section loads.
B9: 3 | C9: Check the header line of each comment. | D9: Author name, level and relative time are shown for every comment.

Sheet TC_COM_003
B2: Scenario | C2: Verify that an empty comment cannot be posted.
B3: TC Name | C3: Post an Empty Comment
B4: TC # | C4: TC_COM_003 | E4: Back to Test Case list
B6: Step No | C6: Description | D6: Expected Result | E6: Actual Result | F6: Status
B7: 1 | C7: Open https://musea-eta.vercel.app and log in as Test User A. | D7: Test User A is logged in.
B8: 2 | C8: Open any artwork page that has at least one comment. | D8: The comment section loads.
B9: 3 | C9: Leave the comment box empty and click Post. | D9: Nothing is posted. The button is disabled or a message asks for text.
B10: 4 | C10: Refresh the page. | D10: No empty comment appears in the list.

Sheet TC_COM_004
B2: Scenario | C2: Verify that a comment containing only spaces cannot be posted.
B3: TC Name | C3: Post a Spaces-Only Comment
B4: TC # | C4: TC_COM_004 | E4: Back to Test Case list
B6: Step No | C6: Description | D6: Expected Result | E6: Actual Result | F6: Status
B7: 1 | C7: Open https://musea-eta.vercel.app and log in as Test User A. | D7: Test User A is logged in.
B8: 2 | C8: Open any artwork page that has at least one comment. | D8: The comment section loads.
B9: 3 | C9: Type five spaces in the comment box and click Post. | D9: Nothing is posted.
B10: 4 | C10: Refresh the page. | D10: No blank comment appears in the list.

Sheet TC_COM_005
B2: Scenario | C2: Verify that a comment exactly at the maximum length can be posted.
B3: TC Name | C3: Post a Comment at the Length Limit
B4: TC # | C4: TC_COM_005 | E4: Back to Test Case list
B6: Step No | C6: Description | D6: Expected Result | E6: Actual Result | F6: Status
B7: 1 | C7: Open https://musea-eta.vercel.app and log in as Test User A. | D7: Test User A is logged in.
B8: 2 | C8: Open any artwork page that has at least one comment. | D8: The comment section loads.
B9: 3 | C9: Paste text exactly at the length limit and click Post. | D9: The comment is posted.
B10: 4 | C10: Compare the posted text with the test data. | D10: All characters are shown; nothing is cut off.

Sheet TC_COM_006
B2: Scenario | C2: Verify that a comment longer than the limit is blocked.
B3: TC Name | C3: Post a Comment Over the Length Limit
B4: TC # | C4: TC_COM_006 | E4: Back to Test Case list
B6: Step No | C6: Description | D6: Expected Result | E6: Actual Result | F6: Status
B7: 1 | C7: Open https://musea-eta.vercel.app and log in as Test User A. | D7: Test User A is logged in.
B8: 2 | C8: Open any artwork page that has at least one comment. | D8: The comment section loads.
B9: 3 | C9: Paste text one character over the limit. | D9: The box stops at the limit or shows a character warning.
B10: 4 | C10: Click Post. | D10: The over-limit comment is not saved.

Sheet TC_COM_007
B2: Scenario | C2: Verify that HTML or script typed into a comment is shown as plain text and never runs.
B3: TC Name | C3: Post a Comment Containing HTML/Script Text
B4: TC # | C4: TC_COM_007 | E4: Back to Test Case list
B6: Step No | C6: Description | D6: Expected Result | E6: Actual Result | F6: Status
B7: 1 | C7: Open https://musea-eta.vercel.app and log in as Test User A. | D7: Test User A is logged in.
B8: 2 | C8: Open any artwork page that has at least one comment. | D8: The comment section loads.
B9: 3 | C9: Type the test data in the comment box and click Post. | D9: The comment is posted.
B10: 4 | C10: Check the posted comment and refresh the page. | D10: The text is shown literally. No alert box appears at any point.

Sheet TC_COM_008
B2: Scenario | C2: Verify that posting many comments in a short time is limited.
B3: TC Name | C3: Post Comments Too Quickly (Spam Limit)
B4: TC # | C4: TC_COM_008 | E4: Back to Test Case list
B6: Step No | C6: Description | D6: Expected Result | E6: Actual Result | F6: Status
B7: 1 | C7: Open https://musea-eta.vercel.app and log in as Test User A. | D7: Test User A is logged in.
B8: 2 | C8: Open any artwork page that has at least one comment. | D8: The comment section loads.
B9: 3 | C9: Post five short comments as fast as possible. | D9: The first comments post normally.
B10: 4 | C10: Check the message after the limit is hit. | D10: A clear "please wait" style message appears and extra comments are not saved.

Sheet TC_COM_009
B2: Scenario | C2: Verify that a user can reply to an existing comment.
B3: TC Name | C3: Reply to a Comment
B4: TC # | C4: TC_COM_009 | E4: Back to Test Case list
B6: Step No | C6: Description | D6: Expected Result | E6: Actual Result | F6: Status
B7: 1 | C7: Open https://musea-eta.vercel.app and log in as Test User A. | D7: Test User A is logged in.
B8: 2 | C8: Open any artwork page that has at least one comment. | D8: The comment section loads.
B9: 3 | C9: Click Reply under Test User B's comment. | D9: A reply box opens under that comment.
B10: 4 | C10: Type the reply and post it. | D10: The reply appears nested under the original comment.

Sheet TC_COM_010
B2: Scenario | C2: Verify that a user can delete their own comment.
B3: TC Name | C3: Delete Own Comment
B4: TC # | C4: TC_COM_010 | E4: Back to Test Case list
B6: Step No | C6: Description | D6: Expected Result | E6: Actual Result | F6: Status
B7: 1 | C7: Open https://musea-eta.vercel.app and log in as Test User A. | D7: Test User A is logged in.
B8: 2 | C8: Open the artwork where Test User A commented. | D8: Test User A's comment shows Reply and Delete.
B9: 3 | C9: Click Delete and confirm if asked. | D9: The comment disappears from the list.
B10: 4 | C10: Refresh the page. | D10: The deleted comment does not come back.

Sheet TC_COM_011
B2: Scenario | C2: Verify that Delete is not shown on comments written by other users.
B3: TC Name | C3: Delete Not Offered on Other Users' Comments
B4: TC # | C4: TC_COM_011 | E4: Back to Test Case list
B6: Step No | C6: Description | D6: Expected Result | E6: Actual Result | F6: Status
B7: 1 | C7: Open https://musea-eta.vercel.app and log in as Test User A. | D7: Test User A is logged in.
B8: 2 | C8: Open any artwork page that has at least one comment. | D8: The comment section loads.
B9: 3 | C9: Look at the actions under Test User B's comment. | D9: Only Reply and Report are shown. There is no Delete option.

Sheet TC_COM_012
B2: Scenario | C2: Verify that the server refuses a delete request for another user's comment, even when the request is sent directly.
B3: TC Name | C3: Block Deleting Another User's Comment Through the API
B4: TC # | C4: TC_COM_012 | E4: Back to Test Case list
B6: Step No | C6: Description | D6: Expected Result | E6: Actual Result | F6: Status
B7: 1 | C7: Log in as Test User B and open the artwork with Test User A's comment. | D7: The comment section loads.
B8: 2 | C8: In DevTools, Network tab, delete one of Test User B's own comments and copy that request. | D8: The delete request for Test User B's comment is visible.
B9: 3 | C9: Resend the request with Test User A's comment ID instead. | D9: The request fails or affects 0 rows.
B10: 4 | C10: Refresh the page. | D10: Test User A's comment is still shown.

Sheet TC_COM_013
B2: Scenario | C2: Verify that a user can react to a comment.
B3: TC Name | C3: Add a Reaction to a Comment
B4: TC # | C4: TC_COM_013 | E4: Back to Test Case list
B6: Step No | C6: Description | D6: Expected Result | E6: Actual Result | F6: Status
B7: 1 | C7: Open https://musea-eta.vercel.app and log in as Test User A. | D7: Test User A is logged in.
B8: 2 | C8: Open any artwork page that has at least one comment. | D8: The comment section loads.
B9: 3 | C9: Click the heart reaction under a comment. | D9: The heart is highlighted and the count goes up by 1.
B10: 4 | C10: Refresh the page. | D10: The reaction and count are still shown.

Sheet TC_COM_014
B2: Scenario | C2: Verify that clicking an active reaction again removes it.
B3: TC Name | C3: Remove a Reaction
B4: TC # | C4: TC_COM_014 | E4: Back to Test Case list
B6: Step No | C6: Description | D6: Expected Result | E6: Actual Result | F6: Status
B7: 1 | C7: Open https://musea-eta.vercel.app and log in as Test User A. | D7: Test User A is logged in.
B8: 2 | C8: Open the artwork from TC_COM_013. | D8: The heart reaction is highlighted.
B9: 3 | C9: Click the highlighted heart again. | D9: The highlight is removed and the count goes down by 1.

Sheet TC_COM_015
B2: Scenario | C2: Verify that a user can report another user's comment.
B3: TC Name | C3: Report Another User's Comment
B4: TC # | C4: TC_COM_015 | E4: Back to Test Case list
B6: Step No | C6: Description | D6: Expected Result | E6: Actual Result | F6: Status
B7: 1 | C7: Open https://musea-eta.vercel.app and log in as Test User A. | D7: Test User A is logged in.
B8: 2 | C8: Open any artwork page that has at least one comment. | D8: The comment section loads.
B9: 3 | C9: Click Report under Test User B's comment. | D9: A report form or confirmation opens.
B10: 4 | C10: Choose a reason (if asked) and submit. | D10: A confirmation message appears.

Sheet TC_COM_016
B2: Scenario | C2: Verify that a user cannot report the same comment twice.
B3: TC Name | C3: Report the Same Comment Twice
B4: TC # | C4: TC_COM_016 | E4: Back to Test Case list
B6: Step No | C6: Description | D6: Expected Result | E6: Actual Result | F6: Status
B7: 1 | C7: Open https://musea-eta.vercel.app and log in as Test User A. | D7: Test User A is logged in.
B8: 2 | C8: Open the artwork from TC_COM_015. | D8: The comment section loads.
B9: 3 | C9: Click Report on the same comment again. | D9: The site shows it was already reported and no duplicate report is created.

Sheet TC_COM_017
B2: Scenario | C2: Verify that a signed-out visitor can read comments but must sign in to post, react or report.
B3: TC Name | C3: Signed-Out Visitor Sees Comments but Cannot Act
B4: TC # | C4: TC_COM_017 | E4: Back to Test Case list
B6: Step No | C6: Description | D6: Expected Result | E6: Actual Result | F6: Status
B7: 1 | C7: Open https://musea-eta.vercel.app in a private window (signed out). | D7: The home page loads.
B8: 2 | C8: Open any artwork page that has at least one comment. | D8: Comments are visible.
B9: 3 | C9: Try to type a comment, click a reaction and click Report. | D9: Each action asks the visitor to sign in. Nothing is saved.

Sheet TC_COM_018
B2: Scenario | C2: Verify that the comment action links line up and share one text style.
B3: TC Name | C3: Comment Action Alignment
B4: TC # | C4: TC_COM_018 | E4: Back to Test Case list
B6: Step No | C6: Description | D6: Expected Result | E6: Actual Result | F6: Status
B7: 1 | C7: Open https://musea-eta.vercel.app and log in as Test User A. | D7: Test User A is logged in. | E7: As expected. | F7: Passed
B8: 2 | C8: Open any artwork page that has at least one comment. | D8: The comment section loads. | E8: As expected. | F8: Passed
B9: 3 | C9: Compare the action row under Test User A's comment (Reply, Delete). | D9: Reply and Delete line up and match in style. | E9: Delete sits about 3px lower than Reply and is underlined; Reply is not. | F9: Failed
B10: 4 | C10: Compare the action row under Test User B's comment (Reply, Report). | D10: Reply and Report line up and match in style. | E10: Report sits about 3px lower than Reply and is underlined; Reply is not. | F10: Failed

Sheet TC_COM_019
B2: Scenario | C2: Verify that every comment action can be reached and used with the keyboard alone.
B3: TC Name | C3: Use Comment Actions with a Keyboard
B4: TC # | C4: TC_COM_019 | E4: Back to Test Case list
B6: Step No | C6: Description | D6: Expected Result | E6: Actual Result | F6: Status
B7: 1 | C7: Open https://musea-eta.vercel.app and log in as Test User A. | D7: Test User A is logged in.
B8: 2 | C8: Open any artwork page that has at least one comment. | D8: The comment section loads.
B9: 3 | C9: Press Tab repeatedly through the comment section. | D9: Each reaction, Reply, Delete and Report gets a visible focus outline.
B10: 4 | C10: Press Enter on Reply. | D10: The reply box opens.

Sheet TC_COM_020
B2: Scenario | C2: Verify that the comment section fits a 360px-wide screen.
B3: TC Name | C3: Comments on a Small Phone Screen
B4: TC # | C4: TC_COM_020 | E4: Back to Test Case list
B6: Step No | C6: Description | D6: Expected Result | E6: Actual Result | F6: Status
B7: 1 | C7: Open https://musea-eta.vercel.app in Chrome DevTools device mode at 360px wide. | D7: The site loads in the mobile layout.
B8: 2 | C8: Open any artwork page that has at least one comment. | D8: The comment section loads.
B9: 3 | C9: Scroll through the comments. | D9: No sideways scrolling. Text wraps and actions are easy to tap.

Sheet TC_COM_021
B2: Scenario | C2: Verify that comments stay readable in dark mode.
B3: TC Name | C3: Comments in Dark Mode
B4: TC # | C4: TC_COM_021 | E4: Back to Test Case list
B6: Step No | C6: Description | D6: Expected Result | E6: Actual Result | F6: Status
B7: 1 | C7: Open https://musea-eta.vercel.app and log in as Test User A. | D7: Test User A is logged in.
B8: 2 | C8: Switch the site to dark mode. | D8: The site changes to dark colors.
B9: 3 | C9: Open any artwork page that has at least one comment. | D9: Comment text, actions and reaction counts are all clearly readable.
